{
  "version": "2.0",
  "resources": [
    {
      "resource": "asset",
      "value": {
        "name": {
          "defaultValue": "user_AD",
          "isExpression": false
        },
        "folderPath": {
          "isExpression": true
        }
      },
      "metadata": {}
    },
    {
      "resource": "asset",
      "value": {
        "name": {
          "defaultValue": "rpa_0109_estornos",
          "isExpression": false
        },
        "folderPath": {
          "isExpression": true
        }
      },
      "metadata": {}
    },
    {
      "resource": "asset",
      "value": {
        "name": {
          "defaultValue": "RPA_0109_estornos",
          "isExpression": false
        },
        "folderPath": {
          "isExpression": true
        }
      },
      "metadata": {}
    }
  ]
}